Model,Train Accuracy,Test Accuracy,Precision,Recall,F1 Score,ROC-AUC,CV Mean,CV Std
Logistic Regression,0.8298319327731093,0.8403361344537815,0.84375,0.8571428571428571,0.8503937007874016,0.9040532879818594,0.8246128410030311,0.017395245057289774
Random Forest,1.0,0.9285714285714286,0.9291338582677166,0.9365079365079365,0.932806324110672,0.970734126984127,0.9096886194543952,0.017235113283322556
SVM,0.9033613445378151,0.8781512605042017,0.8646616541353384,0.9126984126984127,0.888030888030888,0.9352324263038548,0.8582254064480572,0.020795966655135497
XGBoost,0.990546218487395,0.9243697478991597,0.9354838709677419,0.9206349206349206,0.928,0.9648526077097506,0.8981372278864701,0.0182062706602098
